id,first_name,last_name,email,job_title,street,city,countryOfOrigin,shirtSize,birthDate,favoriteColor
1,Roger,Lapthorn,rlapthorn0@slideshare.net,Senior Financial Analyst,6 Burning Wood Court,Qinghaihu,China,M,05-09-1947,Yellow
2,Kassandra,Ingman,kingman1@walmart.com,Geological Engineer,38286 Farragut Junction,Kobe,Japan,S,10-03-1999,Maroon
3,Cobbie,Dibbert,cdibbert2@ow.ly,Geologist IV,6245 Rutledge Pass,Tomioka,Japan,S,02-12-1940,Green
4,Cicely,Buye,cbuye3@dell.com,Compensation Analyst,204 Bartillon Junction,Götene,Sweden,S,08-03-1964,Violet
5,Stefa,Leyninye,sleyninye4@prweb.com,Media Manager IV,6 Farmco Court,Perho,Finland,XL,05-03-1966,Mauv
6,Kaylil,Meade,kmeade5@devhub.com,Help Desk Operator,69528 1st Alley,Mesa,Indonesia,S,18-05-2002,Crimson
7,Emily,Dolle,edolle6@hao123.com,Assistant Professor,1 Holy Cross Junction,Riah,Morocco,2XL,10-01-1998,Mauv
8,Clywd,Cornelissen,ccornelissen7@imgur.com,Account Executive,8025 Esker Avenue,Tenggun Dajah,Indonesia,S,22-05-1960,Khaki
9,Beauregard,Gerling,bgerling8@house.gov,Structural Analysis Engineer,47 Sheridan Way,Rokem Barat,Indonesia,3XL,03-03-1944,Maroon
10,Thorny,Bownd,tbownd9@seesaa.net,Tax Accountant,457 Becker Drive,As Sayyānī,Yemen,M,30-03-1990,Puce
11,Joye,Phelipeau,jphelipeaua@sun.com,Recruiting Manager,77140 Victoria Way,Tadou,China,S,30-03-1948,Blue
12,Jason,Layne,jlayneb@a8.net,Marketing Manager,751 Carberry Junction,Zhanqian,China,S,28-08-1946,Yellow
13,Murielle,Yezafovich,myezafovichc@friendfeed.com,Chemical Engineer,3107 Dawn Terrace,Xinzhai,China,M,04-04-1941,Yellow
14,Romola,Hitzmann,rhitzmannd@theatlantic.com,Junior Executive,0 Hoepker Junction,Zwolle,Netherlands,2XL,14-09-1984,Orange
15,Eberhard,Clapshaw,eclapshawe@constantcontact.com,Account Representative II,81065 Judy Road,Iset’,Russia,2XL,08-10-1982,Puce
16,Buck,Worling,bworlingf@surveymonkey.com,Quality Control Specialist,1 Drewry Circle,Wiskitki,Poland,S,06-10-2002,Red
17,Berenice,Rogliero,broglierog@fastcompany.com,VP Marketing,12704 Express Circle,Gorno-Altaysk,Russia,2XL,27-08-1986,Goldenrod
18,Hannah,Grece,hgreceh@comcast.net,Help Desk Operator,1 Sachs Circle,Sovetskaya,Russia,M,26-03-2002,Aquamarine
19,Sigismund,Risso,srissoi@dailymail.co.uk,Research Nurse,5 Arizona Parkway,Huangshi,China,XL,26-09-1969,Turquoise
20,Euell,Bosley,ebosleyj@tripod.com,Software Test Engineer IV,6115 Lake View Avenue,Madison,United States,XS,29-12-1970,Maroon
21,Annelise,Asplen,aasplenk@tamu.edu,Accountant III,33753 Fulton Circle,Puyo,Ecuador,M,09-09-1954,Pink
22,Therese,Maides,tmaidesl@webeden.co.uk,Health Coach II,41 Cascade Avenue,Muaralabuh,Indonesia,L,02-10-1950,Purple
23,Puff,Boldock,pboldockm@weibo.com,Environmental Specialist,97360 Monica Road,Sansanné-Mango,Togo,S,25-11-1997,Red
24,Edithe,Brewer,ebrewern@usatoday.com,Analyst Programmer,8333 Prairie Rose Plaza,Pinheiro,Portugal,2XL,28-10-1999,Orange
25,Alejandro,Blais,ablaiso@usnews.com,Analog Circuit Design manager,3754 Russell Point,Đắk Mâm,Vietnam,XL,15-01-1964,Blue
26,Sansone,Harms,sharmsp@shop-pro.jp,Design Engineer,8385 Blaine Terrace,Mityana,Uganda,XL,12-04-1990,Teal
27,Tammie,Brecknell,tbrecknellq@github.com,Human Resources Assistant III,43 Eagan Plaza,Garang,China,L,05-01-1951,Red
28,Dasie,Huckfield,dhuckfieldr@wired.com,Account Representative II,59 David Parkway,Newport News,United States,S,15-04-1945,Mauv
29,Terri-jo,Moy,tmoys@wsj.com,Recruiter,51 Westport Terrace,Boulemane,Morocco,XS,23-08-1962,Khaki
30,Gaynor,Satterly,gsatterlyt@amazonaws.com,Geological Engineer,825 Raven Pass,Kinzan,South Korea,XL,27-05-1980,Puce
31,Lory,Thombleson,lthomblesonu@csmonitor.com,Human Resources Manager,1 Cody Place,Cergy-Pontoise,France,2XL,11-08-1989,Goldenrod
32,Aidan,Creddon,acreddonv@ifeng.com,Software Test Engineer IV,4587 Sullivan Junction,Lityn,Ukraine,XS,08-01-1997,Violet
33,Margery,Osgar,mosgarw@flickr.com,Engineer II,626 Cardinal Street,Ongabelen,Indonesia,XS,02-02-1964,Khaki
34,Trudie,Duckering,tduckeringx@sina.com.cn,Occupational Therapist,06538 Becker Street,Sūq Sibāḩ,Yemen,S,24-07-1988,Fuscia
35,Eleen,Djurkovic,edjurkovicy@jalbum.net,Systems Administrator III,899 6th Terrace,Kadusirung Hilir,Indonesia,XS,21-10-1987,Orange
36,Shelbi,Corsar,scorsarz@amazon.co.jp,Nuclear Power Engineer,652 Anthes Parkway,Saryg-Sep,Russia,M,01-08-1975,Violet
37,Ruthanne,Livett,rlivett10@hatena.ne.jp,Account Coordinator,084 Mandrake Way,Arevik,Armenia,XL,29-07-1995,Orange
38,Tonnie,Lamport,tlamport11@chronoengine.com,Software Consultant,97409 Pawling Street,Odivelas,Portugal,S,08-11-1973,Goldenrod
39,Emmi,Thripp,ethripp12@blogspot.com,Software Test Engineer IV,34 Oneill Hill,Garoua,Cameroon,XS,18-04-1953,Maroon
40,Kerwin,Payze,kpayze13@netvibes.com,Physical Therapy Assistant,9 Russell Junction,Dobre Miasto,Poland,3XL,04-09-1951,Teal
41,Maure,Gumary,mgumary14@chronoengine.com,Food Chemist,270 Declaration Point,San Diego,Costa Rica,L,13-05-1989,Blue
42,Orren,Bugden,obugden15@ning.com,Assistant Professor,848 Melvin Alley,Gąbin,Poland,M,05-08-1946,Blue
43,Darrin,Daverin,ddaverin16@addthis.com,Analyst Programmer,95 Manley Alley,Adolfo Lopez Mateos,Mexico,XL,08-11-1992,Khaki
44,Pembroke,Neissen,pneissen17@ifeng.com,Legal Assistant,55 Hudson Drive,Hehu,China,S,24-08-1959,Blue
45,Ram,Thacke,rthacke18@timesonline.co.uk,Structural Engineer,313 Iowa Terrace,Bierawa,Poland,3XL,23-04-1984,Blue
46,Iolande,Fosdyke,ifosdyke19@hud.gov,Registered Nurse,61807 Graceland Road,Saint-Lô,France,S,27-12-1951,Khaki
47,Benedicto,O'Griffin,bogriffin1a@statcounter.com,Senior Developer,90937 Lillian Court,Saint-Julien-en-Genevois,France,L,02-06-1994,Crimson
48,Deerdre,Noyes,dnoyes1b@surveymonkey.com,Research Assistant IV,2 Larry Hill,Cigembong,Indonesia,XS,13-07-1945,Green
49,Nicolle,Scamp,nscamp1c@jiathis.com,Office Assistant IV,864 Sutherland Point,Aldeia da Mata,Portugal,2XL,15-05-1991,Green
50,Dunstan,Petley,dpetley1d@wsj.com,Human Resources Assistant III,012 Lakewood Gardens Crossing,Cachada,Portugal,S,28-09-1955,Red
51,Dwain,Wortt,dwortt1e@nationalgeographic.com,Chief Design Engineer,5171 Karstens Point,Ziftá,Egypt,L,14-08-1952,Blue
52,Kelci,Merring,kmerring1f@posterous.com,Structural Analysis Engineer,3 Holy Cross Trail,Sicheng,China,2XL,28-11-1949,Orange
53,Jennie,Klaves,jklaves1g@tmall.com,Quality Engineer,7012 Scofield Street,Město,Czech Republic,M,16-07-1945,Red
54,Bernardina,Picheford,bpicheford1h@hibu.com,Senior Financial Analyst,6092 Hermina Trail,Kŭlob,Tajikistan,XL,14-01-1990,Khaki
55,Gisella,Olivo,golivo1i@sakura.ne.jp,Quality Control Specialist,90834 Sachtjen Hill,Calinaoan Malasin,Philippines,L,11-12-1963,Aquamarine
56,Magdalena,Fishbourne,mfishbourne1j@latimes.com,Registered Nurse,49 Old Gate Road,Ljupina,Croatia,XL,15-07-1949,Mauv
57,Yelena,Francie,yfrancie1k@imdb.com,VP Product Management,849 Melvin Street,Huanren,China,M,18-05-1981,Purple
58,Erhart,MacGow,emacgow1l@cisco.com,Administrative Officer,93 Calypso Trail,Oeoh,Indonesia,2XL,16-12-1972,Fuscia
59,Susy,Gilvear,sgilvear1m@live.com,Senior Financial Analyst,8 Dennis Pass,Patrang,Indonesia,XL,16-09-1951,Maroon
60,Lissa,Alldred,lalldred1n@wordpress.org,Database Administrator III,8015 Kedzie Point,Oullins,France,XS,13-06-1980,Green
61,Christalle,Eisold,ceisold1o@delicious.com,Professor,64672 Everett Road,Bautista,Philippines,S,13-06-1991,Maroon
62,Leandra,Dugood,ldugood1p@privacy.gov.au,Product Engineer,79 Colorado Circle,Jauja,Peru,2XL,01-11-1947,Teal
63,Odie,Erskin,oerskin1q@springer.com,Tax Accountant,794 Continental Road,Villa Paula de Sarmiento,Argentina,3XL,31-08-1964,Blue
64,Prescott,Japp,pjapp1r@quantcast.com,General Manager,980 Steensland Trail,Nunbaundelha,Indonesia,M,24-08-1983,Orange
65,Merline,Strevens,mstrevens1s@vistaprint.com,VP Accounting,5184 Fordem Center,Balugo,Philippines,2XL,05-02-1959,Teal
66,Charlotte,Guilbert,cguilbert1t@hubpages.com,Media Manager III,719 Fairfield Drive,Saint-Leu-la-Forêt,France,M,20-03-1965,Pink
67,Miguelita,Bignall,mbignall1u@last.fm,Systems Administrator III,7341 Eastwood Point,Płock,Poland,S,09-11-1956,Purple
68,Berti,Pavlasek,bpavlasek1v@telegraph.co.uk,Project Manager,25987 Ridgeview Road,Helsingborg,Sweden,L,22-10-1967,Goldenrod
69,Dina,Cranstone,dcranstone1w@hao123.com,Human Resources Manager,5783 Gulseth Hill,Przasnysz,Poland,2XL,19-04-1947,Turquoise
70,Grantley,Melbourn,gmelbourn1x@ebay.co.uk,Research Assistant III,35 Forster Crossing,Hexia,China,L,23-03-1965,Goldenrod
71,Lilian,Ulrik,lulrik1y@amazon.co.jp,Environmental Tech,3796 Nobel Avenue,Antaparco,Peru,XS,02-08-1988,Yellow
72,Merna,Narrie,mnarrie1z@netlog.com,Quality Engineer,1 Schlimgen Place,Belén de Escobar,Argentina,XL,16-03-1987,Indigo
73,Carma,Rouchy,crouchy20@sciencedirect.com,Cost Accountant,5060 Ryan Hill,Toulouse,France,XL,05-09-1997,Blue
74,Estel,Whightman,ewhightman21@unblog.fr,Assistant Media Planner,15580 Muir Pass,Unión,Argentina,L,03-02-1968,Fuscia
75,Perl,Pilch,ppilch22@squarespace.com,Payment Adjustment Coordinator,295 American Ash Trail,Gamping Lor,Indonesia,XS,24-05-1979,Goldenrod
76,Harbert,Havoc,hhavoc23@xinhuanet.com,Staff Scientist,42 Lotheville Crossing,Pérez,Argentina,L,14-07-1987,Violet
77,Ty,Feldstein,tfeldstein24@tamu.edu,Help Desk Technician,92386 Fairview Trail,Falun,Sweden,3XL,28-02-2002,Pink
78,Garold,Granville,ggranville25@stumbleupon.com,Analog Circuit Design manager,50155 2nd Road,Selaphum,Thailand,M,01-08-2001,Mauv
79,Sibbie,Bartke,sbartke26@wisc.edu,Accounting Assistant I,8 Hintze Drive,Jaleswar,Nepal,2XL,08-07-1943,Khaki
80,Lindsay,Currao,lcurrao27@aboutads.info,Accounting Assistant IV,29349 Dapin Terrace,Sololá,Guatemala,L,29-12-1982,Pink
81,Gretal,Whapples,gwhapples28@ameblo.jp,Nurse Practicioner,602 Linden Terrace,Anguera,Brazil,S,10-07-2002,Crimson
82,Feodora,Offill,foffill29@sohu.com,Recruiting Manager,9 Leroy Plaza,Xinglong,China,2XL,05-05-1960,Teal
83,Bernie,Biskupek,bbiskupek2a@pbs.org,Pharmacist,28796 Northport Junction,Sidomukti,Indonesia,2XL,04-05-1966,Red
84,Bernadina,Spreull,bspreull2b@yahoo.com,Information Systems Manager,144 Transport Avenue,Ciudad Bolívar,Colombia,2XL,30-07-1948,Green
85,Willi,Daintith,wdaintith2c@gravatar.com,Mechanical Systems Engineer,01 North Center,Łobżenica,Poland,XL,15-09-1978,Purple
86,Malissia,MacGiffin,mmacgiffin2d@uiuc.edu,Actuary,4360 Kropf Road,Kisovec,Slovenia,XL,21-08-1969,Puce
87,Jacky,Grinstead,jgrinstead2e@pinterest.com,Dental Hygienist,443 Service Drive,Ýpsonas,Cyprus,XL,10-07-1965,Khaki
88,Meier,Kenwright,mkenwright2f@behance.net,Accountant II,71655 Fairview Point,Sanlanbahai,China,3XL,11-03-1957,Khaki
89,Henrietta,Brugh,hbrugh2g@eventbrite.com,Sales Representative,85 Killdeer Center,Don Tan,Thailand,3XL,02-11-1983,Turquoise
90,Hendrik,Chapell,hchapell2h@g.co,Librarian,20 Coleman Parkway,Rumat Heib,Israel,S,08-05-1963,Turquoise
91,Maribelle,Peckitt,mpeckitt2i@naver.com,Graphic Designer,70822 Bartillon Court,Nesovice,Czech Republic,3XL,24-01-1993,Green
92,Aidan,Burrass,aburrass2j@psu.edu,Sales Representative,8863 Saint Paul Park,Bang Saphan,Thailand,XL,06-03-1987,Goldenrod
93,Petronia,Djordjevic,pdjordjevic2k@sogou.com,Social Worker,980 Clemons Junction,Birmingham,United States,3XL,21-11-1943,Aquamarine
94,Morgan,Gynne,mgynne2l@pen.io,Software Test Engineer III,29 Hudson Trail,Rejasa Kaja,Indonesia,2XL,02-03-1977,Teal
95,Georgeanne,Scarce,gscarce2m@europa.eu,Data Coordinator,1827 Northland Court,Annacotty,Ireland,2XL,25-12-1998,Red
96,Brook,Tyer,btyer2n@sun.com,Assistant Manager,784 Sommers Avenue,Mamponteng,Ghana,3XL,25-11-1968,Crimson
97,Rodrique,Kiera,rkiera2o@mediafire.com,Junior Executive,07 Buena Vista Park,Gornyak,Russia,XL,19-11-1952,Teal
98,Krishnah,Geroldi,kgeroldi2p@rediff.com,Senior Sales Associate,575 Sauthoff Terrace,Lages,Portugal,XS,20-01-1969,Goldenrod
99,Ali,Osmint,aosmint2q@cargocollective.com,Analog Circuit Design manager,28 Village Green Lane,Jastrowie,Poland,S,20-04-1994,Goldenrod
100,Raoul,Bernardi,rbernardi2r@webmd.com,Registered Nurse,6 Forest Dale Point,Xiaochuan,China,S,22-03-1987,Aquamarine
101,Glennis,Avard,gavard2s@wordpress.org,Structural Analysis Engineer,85644 Westerfield Crossing,Jifeng,China,XS,14-03-1972,Yellow
102,Craig,Bulleyn,cbulleyn2t@arstechnica.com,Software Consultant,5453 Portage Point,Áno Liósia,Greece,L,01-11-1973,Yellow
103,Waly,Lount,wlount2u@bbb.org,Desktop Support Technician,8958 Comanche Pass,Severo-Yeniseyskiy,Russia,S,24-10-1958,Indigo
104,Ashby,McGing,amcging2v@a8.net,Nurse Practicioner,83 Spenser Parkway,Ulyanovsk,Russia,3XL,14-10-1948,Green
105,Bradly,Davidowich,bdavidowich2w@google.com.hk,Nuclear Power Engineer,80 6th Point,Shiyang,China,XL,22-11-1998,Maroon
106,Nye,L'Episcopio,nlepiscopio2x@quantcast.com,Geologist III,4754 Delaware Avenue,Båstad,Sweden,S,02-05-1977,Aquamarine
107,Orazio,Itzakovitz,oitzakovitz2y@washington.edu,Assistant Media Planner,32 Towne Drive,Abade de Neiva,Portugal,L,26-02-1997,Crimson
108,June,Ridsdole,jridsdole2z@google.com.au,Marketing Assistant,092 Dunning Avenue,Rio,Portugal,XL,28-04-1974,Orange
109,Tan,Woolforde,twoolforde30@bloglines.com,Staff Accountant I,6762 Amoth Point,Osby,Sweden,S,09-03-1984,Teal
110,Ailee,Cottel,acottel31@hugedomains.com,Administrative Officer,842 Mariners Cove Plaza,Shataping,China,XS,31-12-1950,Purple
111,Lucia,Pidgeon,lpidgeon32@tumblr.com,VP Marketing,0 Logan Drive,Ponte,Portugal,2XL,30-05-1979,Pink
112,Aldous,Marvell,amarvell33@samsung.com,VP Accounting,59292 Lukken Center,Stockholm,Sweden,XS,29-03-1966,Violet
113,Dud,Tinston,dtinston34@shop-pro.jp,Administrative Officer,83 Veith Junction,Yilkiqi,China,S,07-08-1969,Fuscia
114,Verney,Lobley,vlobley35@yelp.com,Senior Financial Analyst,4403 Alpine Alley,Nong Khaem,Thailand,L,05-05-1967,Pink
115,Arney,Romi,aromi36@foxnews.com,Programmer II,46834 Evergreen Point,Vestmannaeyjar,Iceland,XS,12-03-1979,Pink
116,Jodee,Matysik,jmatysik37@icio.us,Human Resources Assistant II,068 Moose Circle,Jinbo,China,S,23-11-1972,Orange
117,Farah,Buzine,fbuzine38@pcworld.com,Senior Quality Engineer,63610 Melby Park,Marseille,France,3XL,19-10-1941,Indigo
118,Bran,Osmond,bosmond39@apple.com,Registered Nurse,70 International Road,Padangsidempuan,Indonesia,M,02-10-1979,Purple
119,Padget,De Ruggiero,pderuggiero3a@newyorker.com,Marketing Manager,69 Kropf Way,Nürnberg,Germany,S,25-07-1945,Indigo
120,Hastie,Altofts,haltofts3b@unc.edu,Statistician III,3 Manitowish Avenue,Solana,Philippines,3XL,19-03-1992,Fuscia
121,Cristine,Dunstan,cdunstan3c@mapquest.com,Administrative Officer,7181 Glacier Hill Parkway,Dawwār Tīnjah,Tunisia,XL,19-04-1954,Teal
122,Hervey,Whanstall,hwhanstall3d@omniture.com,Senior Developer,0155 Merrick Circle,Bieligutai,China,XL,27-10-1970,Purple
123,Jessika,Duffan,jduffan3e@phpbb.com,Teacher,126 Service Circle,Beaune,France,S,12-12-1956,Green
124,Adella,Waddam,awaddam3f@miitbeian.gov.cn,Research Associate,513 Shasta Avenue,Waco,United States,L,04-11-1961,Blue
125,Claretta,MacFadzan,cmacfadzan3g@naver.com,Help Desk Technician,9908 Green Ridge Trail,Kebonkaret,Indonesia,XS,11-03-1958,Goldenrod
126,Orran,Matchett,omatchett3h@surveymonkey.com,Analyst Programmer,97671 East Crossing,Karangpapak,Indonesia,S,07-02-1980,Turquoise
127,Phil,Antczak,pantczak3i@about.me,Social Worker,5 Oxford Alley,Káto Dhiminió,Greece,XS,14-05-1953,Crimson
128,Luke,McAdam,lmcadam3j@guardian.co.uk,Senior Developer,0 Miller Park,Visoko,Bosnia and Herzegovina,XS,08-03-1961,Indigo
129,Wilhelmina,Comoletti,wcomoletti3k@liveinternet.ru,Computer Systems Analyst II,7 Kim Pass,Béthune,France,S,08-04-2000,Khaki
130,Rivi,Mazzeo,rmazzeo3l@shinystat.com,Graphic Designer,5 Old Gate Pass,Salta,Argentina,L,03-03-1990,Red
131,Theobald,Callinan,tcallinan3m@csmonitor.com,Sales Associate,85021 Corry Parkway,Nueva Manoa,Bolivia,M,18-12-1977,Crimson
132,Trixy,Scamp,tscamp3n@slate.com,Media Manager III,482 Hallows Trail,Madagali,Nigeria,XL,10-03-1968,Mauv
133,Marieann,Le Blond,mleblond3o@ed.gov,Developer III,46 Sunbrook Plaza,San Juan Bautista,Guatemala,XS,21-08-1945,Mauv
134,Jackqueline,Wong,jwong3p@yahoo.com,Teacher,0 Ridgeway Road,Gameleira,Brazil,L,03-04-1991,Purple
135,Carrie,Ackermann,cackermann3q@java.com,Quality Engineer,5884 Haas Parkway,Hecun,China,L,12-04-2001,Aquamarine
136,Morlee,Ditzel,mditzel3r@delicious.com,Research Nurse,10151 Susan Place,Paris 11,France,L,22-10-1994,Goldenrod
137,Shea,Hendren,shendren3s@shinystat.com,Automation Specialist II,9 Summer Ridge Circle,Babao,China,XL,23-08-1961,Fuscia
138,Hermina,Pedlingham,hpedlingham3t@biglobe.ne.jp,Automation Specialist III,08 Ramsey Plaza,Paris 07,France,M,29-01-1970,Mauv
139,Reggie,Benyon,rbenyon3u@bizjournals.com,Human Resources Manager,63 Pankratz Drive,Shuren,China,XS,05-12-1939,Fuscia
140,Tobi,Dury,tdury3v@opera.com,Web Designer II,6 Thackeray Road,Matagbak,Philippines,L,27-03-1957,Teal
141,Anson,Wildin,awildin3w@discuz.net,VP Quality Control,8 Crescent Oaks Center,Maagnas,Philippines,3XL,08-03-1983,Indigo
142,Allix,McQuarter,amcquarter3x@4shared.com,Recruiter,1874 Roxbury Parkway,Kobylí,Czech Republic,2XL,16-06-1982,Khaki
143,Boonie,Desport,bdesport3y@ameblo.jp,Mechanical Systems Engineer,9 Bunting Plaza,Ouranoupolis,Greece,XL,23-10-1988,Teal
144,Fairlie,Ryder,fryder3z@wordpress.org,Computer Systems Analyst II,681 Spohn Place,Novi Sad,Serbia,L,13-06-1963,Turquoise
145,Dorian,Kench,dkench40@ovh.net,Help Desk Operator,806 Kropf Parkway,Boncis,Indonesia,M,14-03-1973,Puce
146,Xena,Cresswell,xcresswell41@mozilla.com,Senior Sales Associate,9097 Talmadge Avenue,Grand Rapids,United States,XL,21-03-1945,Crimson
147,Osmond,McGall,omcgall42@reference.com,Media Manager III,800 Village Green Way,Krasnofarfornyy,Russia,XL,11-04-1964,Orange
148,Murial,Leamy,mleamy43@boston.com,Associate Professor,667 Oneill Way,Aozai,China,3XL,17-05-1954,Red
149,Ellery,Lambarton,elambarton44@dmoz.org,Structural Engineer,7748 Hoard Crossing,Shestakovo,Russia,XL,31-05-1967,Yellow
150,Teodoor,Conelly,tconelly45@skyrock.com,Payment Adjustment Coordinator,961 Namekagon Drive,Alamar,Cuba,3XL,04-03-1963,Aquamarine
